sequence_name	ncbi_accession	target_start	target_end	amplicon_name	left_primer_start	left_primer_end	left_primer_name	right_primer_start	right_primer_end	right_primer_name	left_primer_sequence	right_primer_sequence	primer_pool
MN908947.3	NC_045512.2	54	391	nCoV-2019_1	30	54	nCoV-2019_1_LEFT	391	416	nCoV-2019_1_RIGHTv2	ACCAACCAACTTTCGATCTCTTGT	AAGTGCCATCTTTAAGATGTTGACG	pool_1
MN908947.3	NC_045512.2	342	704	nCoV-2019_2	320	342	nCoV-2019_2_LEFT	704	726	nCoV-2019_2_RIGHT	CTGTTTTACAGGTTCGCGACGT	TAAGGATCAGTGCCAAGCTCGT	pool_2
MN908947.3	NC_045512.2	664	1004	nCoV-2019_3	642	664	nCoV-2019_3_LEFT	1004	1028	nCoV-2019_3_RIGHT	CGGTAATAAAGGAGCTGGTGGC	AAGGTGTCTGCAATTCATAGCTCT	pool_1
MN908947.3	NC_045512.2	965	1312	nCoV-2019_4	943	965	nCoV-2019_4_LEFT	1312	1337	nCoV-2019_4_RIGHT	GGTGTATACTGCTGCCGTGAAC	CACAAGTAGTGGCACCTTCTTTAGT	pool_2
MN908947.3	NC_045512.2	1264	1623	nCoV-2019_5	1242	1264	nCoV-2019_5_LEFT	1623	1651	nCoV-2019_5_RIGHT	TGGTGAAACTTCATGGCAGACG	ATTGATGTTGACTTTCTCTTTTTGGAGT	pool_1
MN908947.3	NC_045512.2	1595	1942	nCoV-2019_6	1573	1595	nCoV-2019_6_LEFT	1942	1964	nCoV-2019_6_RIGHT	GGTGTTGTTGGAGAAGGTTCCG	TAGCGGCCTTCTGTAAAACACG	pool_2
MN908947.3	NC_045512.2	1897	2247	nCoV-2019_7	1875	1897	nCoV-2019_7_LEFT	2247	2269	nCoV-2019_7_RIGHT	ATCAGAGGCTGCTCGTGTTGTA	TGCACAGGTGACAATTTGTCCA	pool_1
MN908947.3	NC_045512.2	2205	2568	nCoV-2019_8	2181	2205	nCoV-2019_8_LEFT	2568	2592	nCoV-2019_8_RIGHT	AGAGTTTCTTAGAGACGGTTGGGA	GCTTCAACAGCTTCACTAGTAGGT	pool_2
MN908947.3	NC_045512.2	2529	2885	nCoV-2019_9	2505	2529	nCoV-2019_9_LEFT	2885	2907	nCoV-2019_9_RIGHTv2	TCCCACAGAAGTGTTAACAGAGGA	TTTATGACAGCATCTGCCACAA	pool_1
MN908947.3	NC_045512.2	2850	3183	nCoV-2019_10	2826	2850	nCoV-2019_10_LEFT	3183	3210	nCoV-2019_10_RIGHT	TGAGAAGTGCTCTGCCTATACAGT	TCATCTAACCAATCTTCTTCTTGCTCT	pool_2
MN908947.3	NC_045512.2	3166	3507	nCoV-2019_11	3144	3166	nCoV-2019_11_LEFT	3507	3531	nCoV-2019_11_RIGHT	GGAATTTGGTGCCACTTCTGCT	TCATCAGATTCAACTTGCATGGCA	pool_1
MN908947.3	NC_045512.2	3482	3826	nCoV-2019_12	3460	3482	nCoV-2019_12_LEFT	3826	3853	nCoV-2019_12_RIGHT	AAACATGGAGGAGGTGTTGCAG	TTCACTCTTCATTTCCAAAAAGCTTGA	pool_2
MN908947.3	NC_045512.2	3795	4145	nCoV-2019_13	3771	3795	nCoV-2019_13_LEFT	4145	4167	nCoV-2019_13_RIGHTv2	TCGCACAAATGTCTACTTAGCTGT	ATAACCACAGCAGTTAAAACAC	pool_1
MN908947.3	NC_045512.2	4077	4428	nCoV-2019_14	4054	4077	nCoV-2019_14_LEFT	4428	4450	nCoV-2019_14_RIGHT	CATCCAGATTCTGCCACTCTTGT	AGTTTCCACACAGACAGGCATT	pool_2
MN908947.3	NC_045512.2	4321	4677	nCoV-2019_15	4294	4321	nCoV-2019_15_LEFT	4677	4699	nCoV-2019_15_RIGHTv2	ACAGTGCTTAAAAAGTGTAAAAGTGCC	AGAAACAGAAACTGTAGCTGGC	pool_1
MN908947.3	NC_045512.2	4658	4995	nCoV-2019_16	4636	4658	nCoV-2019_16_LEFT	4995	5017	nCoV-2019_16_RIGHT	AATTTGGAAGAAGCTGCTCGGT	CACAACTTGCGTGTGGAGGTTA	pool_2
MN908947.3	NC_045512.2	4966	5296	nCoV-2019_17	4939	4966	nCoV-2019_17_LEFT	5296	5321	nCoV-2019_17_RIGHT	CTTCTTTCTTTGAGAGAAGTGAGGACT	TTTGTTGGAGTGTTAACAATGCAGT	pool_1
MN908947.3	NC_045512.2	5259	5620	nCoV-2019_18	5230	5259	nCoV-2019_18_LEFT	5620	5644	nCoV-2019_18_RIGHT	TGGAAATACCCACAAGTTAATGGTTTAAC	AGCTTGTTTACCACACGTACAAGG	pool_2
MN908947.3	NC_045512.2	5586	5932	nCoV-2019_19	5563	5586	nCoV-2019_19_LEFT	5932	5957	nCoV-2019_19_RIGHT	GCTGTTATGTACATGGGCACACT	TGTCCAACTTAGGGTCAATTTCTGT	pool_1
MN908947.3	NC_045512.2	5894	6247	nCoV-2019_20	5867	5894	nCoV-2019_20_LEFT	6247	6272	nCoV-2019_20_RIGHT	ACAAAGAAAACAGTTACACAACAACCA	ACGTGGCTTTATTAGTTGCATTGTT	pool_2
MN908947.3	NC_045512.2	6193	6528	nCoV-2019_21	6164	6193	nCoV-2019_21_LEFTv2	6528	6550	nCoV-2019_21_RIGHT	TGGTGGCTATTGATTATAAACACTACACA	TAGATCTGTGTGGCCAACCTCT	pool_1
MN908947.3	NC_045512.2	6495	6846	nCoV-2019_22	6466	6495	nCoV-2019_22_LEFT	6846	6873	nCoV-2019_22_RIGHT	ACTACCGAAGTTGTAGGAGACATTATACT	ACAGTATTCTTTGCTATAGTAGTCGGC	pool_2
MN908947.3	NC_045512.2	6745	7092	nCoV-2019_23	6718	6745	nCoV-2019_23_LEFT	7092	7117	nCoV-2019_23_RIGHT	ACAACTACTAACATAGTTACACGGTGT	ACCAGTACAGTAGGTTGCAATAGTG	pool_1
MN908947.3	NC_045512.2	7058	7389	nCoV-2019_24	7035	7058	nCoV-2019_24_LEFT	7389	7415	nCoV-2019_24_RIGHT	AGGCATGCCTTCTTACTGTACTG	ACATTCTAACCATAGCTGAAATCGGG	pool_2
MN908947.3	NC_045512.2	7332	7671	nCoV-2019_25	7305	7332	nCoV-2019_25_LEFT	7671	7694	nCoV-2019_25_RIGHT	GCAATTGTTTTTCAGCTATTTTGCAGT	ACTGTAGTGACAAGTCTCTCGCA	pool_1
MN908947.3	NC_045512.2	7651	7997	nCoV-2019_26	7626	7651	nCoV-2019_26_LEFT	7997	8019	nCoV-2019_26_RIGHT	TTGTGATACATTCTGTGCTGGTAGT	TCCGCACTATCACCAACATCAG	pool_2
MN908947.3	NC_045512.2	7968	8319	nCoV-2019_27	7943	7968	nCoV-2019_27_LEFT	8319	8341	nCoV-2019_27_RIGHT	ACTACAGTCAGCTTATGTGTCAACC	AATACAAGCACCAAGGTCACGG	pool_1
MN908947.3	NC_045512.2	8275	8635	nCoV-2019_28	8249	8275	nCoV-2019_28_LEFT	8635	8661	nCoV-2019_28_RIGHT	ACATAGAAGTTACTGGCGATAGTTGT	TGTTTAGACATGACATGAACAGGTGT	pool_2
MN908947.3	NC_045512.2	8619	8954	nCoV-2019_29	8595	8619	nCoV-2019_29_LEFT	8954	8983	nCoV-2019_29_RIGHT	ACTTGTGTTCCTTTTTGTTGCTGC	AGTGTACTCTATAAGTTTTGATGGTGTGT	pool_1
MN908947.3	NC_045512.2	8913	9245	nCoV-2019_30	8888	8913	nCoV-2019_30_LEFT	9245	9271	nCoV-2019_30_RIGHT	GCACAACTAATGGTGACTTTTTGCA	ACCACTAGTAGATACACAAACACCAG	pool_2
MN908947.3	NC_045512.2	9226	9557	nCoV-2019_31	9204	9226	nCoV-2019_31_LEFT	9557	9585	nCoV-2019_31_RIGHT	TTCTGAGTACTGTAGGCACGGC	ACAGAATAAACACCAGGTAAGAATGAGT	pool_1
MN908947.3	NC_045512.2	9502	9840	nCoV-2019_32	9477	9502	nCoV-2019_32_LEFT	9840	9864	nCoV-2019_32_RIGHTv2	TGGTGAATACAGTCATGTAGTTGCC	GGTAATAGCACATCACTACGCAAC	pool_2
MN908947.3	NC_045512.2	9806	10146	nCoV-2019_33	9784	9806	nCoV-2019_33_LEFT	10146	10171	nCoV-2019_33_RIGHT	ACTTTTGAAGAAGCTGCGCTGT	TGGACAGTAAACTACGTCATCAAGC	pool_1
MN908947.3	NC_045512.2	10099	10437	nCoV-2019_34	10076	10099	nCoV-2019_34_LEFT	10437	10459	nCoV-2019_34_RIGHT	TCCCATCTGGTAAAGTTGAGGGT	AGTGAAATTGGGCCTCATAGCA	pool_2
MN908947.3	NC_045512.2	10384	10737	nCoV-2019_35	10362	10384	nCoV-2019_35_LEFT	10737	10763	nCoV-2019_35_RIGHT	TGTTCGCATTCAACCAGGACAG	ACTTCATAGCCACAAGGTTAAAGTCA	pool_1
MN908947.3	NC_045512.2	10680	11048	nCoV-2019_36	10651	10680	nCoV-2019_36_LEFTv2	11048	11074	nCoV-2019_36_RIGHT	ATTACAGTTAATGTTTTAGCTTGGTTGTA	GAACAAAGACCATTGAGTACTCTGGA	pool_2
MN908947.3	NC_045512.2	11022	11372	nCoV-2019_37	10999	11022	nCoV-2019_37_LEFT	11372	11394	nCoV-2019_37_RIGHT	ACACACCACTGGTTGTTACTCAC	GTCCACACTCTCCTAGCACCAT	pool_1
MN908947.3	NC_045512.2	11331	11674	nCoV-2019_38	11306	11331	nCoV-2019_38_LEFT	11674	11701	nCoV-2019_38_RIGHTv2	ACTGTGTTATGTATGCATCAGCTGT	ATCATAAACACCAAGAGTCAGTCTAAA	pool_2
MN908947.3	NC_045512.2	11584	11927	nCoV-2019_39	11555	11584	nCoV-2019_39_LEFT	11927	11949	nCoV-2019_39_RIGHT	AGTATTGCCCTATTTTCTTCATAACTGGT	TGTAACTGGACACATTGAGCCC	pool_1
MN908947.3	NC_045512.2	11889	12234	nCoV-2019_40	11863	11889	nCoV-2019_40_LEFT	12234	12256	nCoV-2019_40_RIGHT	TGCACATCAGTAGTCTTACTCTCAGT	CATGGCTGCATCACGGTCAAAT	pool_2
MN908947.3	NC_045512.2	12133	12465	nCoV-2019_41	12110	12133	nCoV-2019_41_LEFT	12465	12490	nCoV-2019_41_RIGHT	GTTCCCTTCCATCATATGCAGCT	TGGTATGACAACCATTAGTTTGGCT	pool_1
MN908947.3	NC_045512.2	12439	12779	nCoV-2019_42	12417	12439	nCoV-2019_42_LEFT	12779	12802	nCoV-2019_42_RIGHT	TGCAAGAGATGGTTGTGTTCCC	CCTACCTCCCTTTGTTGTGTTGT	pool_2
MN908947.3	NC_045512.2	12732	13074	nCoV-2019_43	12710	12732	nCoV-2019_43_LEFT	13074	13096	nCoV-2019_43_RIGHT	TACGACAGATGTCTTGTGCTGC	AGCAGCATCTACAGCAAAAGCA	pool_1
MN908947.3	NC_045512.2	13027	13378	nCoV-2019_44	13005	13027	nCoV-2019_44_LEFT	13378	13400	nCoV-2019_44_RIGHT	TGCCACAGTACGTCTACAAGCT	AACCTTTCCACATACCGCAGAC	pool_2
MN908947.3	NC_045512.2	13344	13669	nCoV-2019_45	13319	13344	nCoV-2019_45_LEFT	13669	13699	nCoV-2019_45_RIGHT	TACCTACAACTTGTGCTAATGACCC	AAATTGTTTCTTCATGTTGGTAGTTAGAGA	pool_1
MN908947.3	NC_045512.2	13621	13962	nCoV-2019_46	13599	13621	nCoV-2019_46_LEFT	13962	13984	nCoV-2019_46_RIGHT	TGTCGCTTCCAAGAAAAGGACG	CACGTTCACCTAAGTTGGCGTA	pool_2
MN908947.3	NC_045512.2	13946	14271	nCoV-2019_47	13918	13946	nCoV-2019_47_LEFT	14271	14299	nCoV-2019_47_RIGHT	AGGACTGGTATGATTTTGTAGAAAACCC	AATAACGGTCAAAGAGTTTTAACCTCTC	pool_1
MN908947.3	NC_045512.2	14232	14579	nCoV-2019_48	14207	14232	nCoV-2019_48_LEFT	14579	14601	nCoV-2019_48_RIGHT	TGTTGACACTGACTTAACAAAGCCT	TAGATTACCAGAAGCAGCGTGC	pool_2
MN908947.3	NC_045512.2	14570	14898	nCoV-2019_49	14545	14570	nCoV-2019_49_LEFT	14898	14926	nCoV-2019_49_RIGHT	AGGAATTACTTGTGTATGCTGCTGA	TGACGATGACTTGGTTAGCATTAATACA	pool_1
MN908947.3	NC_045512.2	14895	15224	nCoV-2019_50	14865	14895	nCoV-2019_50_LEFT	15224	15246	nCoV-2019_50_RIGHT	GTTGATAAGTACTTTGATTGTTACGATGGT	TAACATGTTGTGCCAACCACCA	pool_2
MN908947.3	NC_045512.2	15193	15538	nCoV-2019_51	15171	15193	nCoV-2019_51_LEFT	15538	15560	nCoV-2019_51_RIGHT	TCAATAGCCGCCACTAGAGGAG	AGTGCATTAACATTGGCCGTGA	pool_1
MN908947.3	NC_045512.2	15503	15861	nCoV-2019_52	15481	15503	nCoV-2019_52_LEFT	15861	15886	nCoV-2019_52_RIGHT	CATCAGGAGATGCCACAACTGC	GTTGAGAGCAAAATTCATGAGGTCC	pool_2
MN908947.3	NC_045512.2	15851	16186	nCoV-2019_53	15827	15851	nCoV-2019_53_LEFT	16186	16209	nCoV-2019_53_RIGHT	AGCAAAATGTTGGACTGAGACTGA	AGCCTCATAAAACTCAGGTTCCC	pool_1
MN908947.3	NC_045512.2	16144	16485	nCoV-2019_54	16118	16144	nCoV-2019_54_LEFT	16485	16510	nCoV-2019_54_RIGHT	TGAGTTAACAGGACACATGTTAGACA	AACCAAAAACTTGTCCATTAGCACA	pool_2
MN908947.3	NC_045512.2	16444	16804	nCoV-2019_55	16416	16444	nCoV-2019_55_LEFT	16804	16833	nCoV-2019_55_RIGHT	ACTCAACTTTACTTAGGAGGTATGAGCT	GGTGTACTCTCCTATTTGTACTTTACTGT	pool_1
MN908947.3	NC_045512.2	16770	17130	nCoV-2019_56	16748	16770	nCoV-2019_56_LEFT	17130	17152	nCoV-2019_56_RIGHT	ACCTAGACCACCACTTAACCGA	ACACTATGCGAGCAGAAGGGTA	pool_2
MN908947.3	NC_045512.2	17087	17430	nCoV-2019_57	17065	17087	nCoV-2019_57_LEFT	17430	17452	nCoV-2019_57_RIGHT	ATTCTACACTCCAGGGACCACC	GTAATTGAGCAGGGTCGCCAAT	pool_1
MN908947.3	NC_045512.2	17406	17738	nCoV-2019_58	17381	17406	nCoV-2019_58_LEFT	17738	17761	nCoV-2019_58_RIGHT	TGATTTGAGTGTTGTCAATGCCAGA	CTTTTCTCCAAGCAGGGTTACGT	pool_2
MN908947.3	NC_045512.2	17697	18036	nCoV-2019_59	17674	17697	nCoV-2019_59_LEFT	18036	18062	nCoV-2019_59_RIGHT	TCACGCATGATGTTTCATCTGCA	AAGAGTCCTGTTACATTTTCAGCTTG	pool_1
MN908947.3	NC_045512.2	17993	18324	nCoV-2019_60	17966	17993	nCoV-2019_60_LEFT	18324	18348	nCoV-2019_60_RIGHT	TGATAGAGACCTTTATGACAAGTTGCA	GGTACCAACAGCTTCTCTAGTAGC	pool_2
MN908947.3	NC_045512.2	18275	18650	nCoV-2019_61	18253	18275	nCoV-2019_61_LEFT	18650	18672	nCoV-2019_61_RIGHT	TGTTTATCACCCGCGAAGAAGC	ATCACATAGACAACAGGTGCGC	pool_1
MN908947.3	NC_045512.2	18618	18957	nCoV-2019_62	18596	18618	nCoV-2019_62_LEFT	18957	18979	nCoV-2019_62_RIGHT	GGCACATGGCTTTGAGTTGACA	GTTGAACCTTTCTACAAGCCGC	pool_2
MN908947.3	NC_045512.2	18918	19275	nCoV-2019_63	18896	18918	nCoV-2019_63_LEFT	19275	19297	nCoV-2019_63_RIGHT	TGTTAAGCGTGTTGACTGGACT	ACAAACTGCCACCATCACAACC	pool_1
MN908947.3	NC_045512.2	19232	19591	nCoV-2019_64	19204	19232	nCoV-2019_64_LEFT	19591	19616	nCoV-2019_64_RIGHT	TCGATAGATATCCTGCTAATTCCATTGT	AGTCTTGTAAAAGTGTTCCAGAGGT	pool_2
MN908947.3	NC_045512.2	19570	19911	nCoV-2019_65	19548	19570	nCoV-2019_65_LEFT	19911	19939	nCoV-2019_65_RIGHT	GCTGGCTTTAGCTTGTGGGTTT	TGTCAGTCATAGAACAAACACCAATAGT	pool_1
MN908947.3	NC_045512.2	19863	20231	nCoV-2019_66	19844	19863	nCoV-2019_66_LEFTv2	20231	20255	nCoV-2019_66_RIGHT	GGGTGTGGACATTGCTGCT	TCAATTTCCATTTGACTCCTGGGT	pool_2
MN908947.3	NC_045512.2	20200	20542	nCoV-2019_67	20172	20200	nCoV-2019_67_LEFT	20542	20572	nCoV-2019_67_RIGHT	GTTGTCCAACAATTACCTGAAACTTACT	CAACCTTAGAAACTACAGATAAATCTTGGG	pool_1
MN908947.3	NC_045512.2	20496	20867	nCoV-2019_68	20472	20496	nCoV-2019_68_LEFT	20867	20890	nCoV-2019_68_RIGHT	ACAGGTTCATCTAAGTGTGTGTGT	CTCCTTTATCAGAACCAGCACCA	pool_2
MN908947.3	NC_045512.2	20813	21146	nCoV-2019_69	20786	20813	nCoV-2019_69_LEFT	21146	21169	nCoV-2019_69_RIGHT	TGTCGCAAAATATACTCAACTGTGTCA	TCTTTATAGCCACGGAACCTCCA	pool_1
MN908947.3	NC_045512.2	21104	21427	nCoV-2019_70	21075	21104	nCoV-2019_70_LEFT	21427	21455	nCoV-2019_70_RIGHT	ACAAAAGAAAATGACTCTAAAGAGGGTTT	TGACCTTCTTTTAAAGACATAACAGCAG	pool_2
MN908947.3	NC_045512.2	21386	21716	nCoV-2019_71	21357	21386	nCoV-2019_71_LEFT	21716	21743	nCoV-2019_71_RIGHT	ACAAATCCAATTCAGTTGTCTTCCTATTC	TGGAAAAGAAAGGTAAGAACAAGTCCT	pool_1
MN908947.3	NC_045512.2	21682	22013	nCoV-2019_72	21658	21682	nCoV-2019_72_LEFT	22013	22038	nCoV-2019_72_RIGHT	ACACGTGGTGTTTATTACCCTGAC	ACTCTGAACTCACTTTCCATCCAAC	pool_2
MN908947.3	NC_045512.2	21990	22324	nCoV-2019_73	21961	21990	nCoV-2019_73_LEFT	22324	22346	nCoV-2019_73_RIGHT	CAATTTTGTAATGATCCATTTTTGGGTGT	CACCAGCTGTCCAACCTGAAGA	pool_1
MN908947.3	NC_045512.2	22290	22626	nCoV-2019_74	22262	22290	nCoV-2019_74_LEFT	22626	22650	nCoV-2019_74_RIGHT	ACATCACTAGGTTTCAAACTTTACTTGC	GCAACACAGTTGCTGATTCTCTTC	pool_2
MN908947.3	NC_045512.2	22542	22877	nCoV-2019_75	22516	22542	nCoV-2019_75_LEFT	22877	22903	nCoV-2019_75_RIGHT	AGAGTCCAACCAACAGAATCTATTGT	ACCACCAACCTTAGAATCAAGATTGT	pool_1
MN908947.3	NC_045512.2	22819	23240	nCoV-2019_76	22797	22819	nCoV-2019_76_LEFT	23240	23265	nCoV-2019_76_RIGHTv2	AGGGCAAACTGGAAAGATTGCT	TCTCTGCCAAATTGTTGGAAAGGCA	pool_2
MN908947.3	NC_045512.2	23144	23500	nCoV-2019_77	23122	23144	nCoV-2019_77_LEFT	23500	23522	nCoV-2019_77_RIGHT	CCAGCAACTGTTTGTGGACCTA	CAGCCCCTATTAAACAGCCTGC	pool_1
MN908947.3	NC_045512.2	23466	23822	nCoV-2019_78	23443	23466	nCoV-2019_78_LEFT	23822	23847	nCoV-2019_78_RIGHT	CAACTTACTCCTACTTGGCGTGT	TGTGTACAAAAACTGCCATATTGCA	pool_2
MN908947.3	NC_045512.2	23812	24145	nCoV-2019_79	23789	23812	nCoV-2019_79_LEFT	24145	24169	nCoV-2019_79_RIGHT	GTGGTGATTCAACTGAATGCAGC	CATTTCATCTGTGAGCAAAGGTGG	pool_1
MN908947.3	NC_045512.2	24100	24443	nCoV-2019_80	24078	24100	nCoV-2019_80_LEFT	24443	24467	nCoV-2019_80_RIGHT	TTGCCTTGGTGATATTGCTGCT	TGGAGCTAAGTTGTTTAACAAGCG	pool_2
MN908947.3	NC_045512.2	24416	24765	nCoV-2019_81	24391	24416	nCoV-2019_81_LEFT	24765	24789	nCoV-2019_81_RIGHT	GCACTTGGAAAACTTCAAGATGTGG	GTGAAGTTCTTTTCTTGTGCAGGG	pool_1
MN908947.3	NC_045512.2	24721	25052	nCoV-2019_82	24696	24721	nCoV-2019_82_LEFT	25052	25076	nCoV-2019_82_RIGHT	GGGCTATCATCTTATGTCCTTCCCT	TGCCAGAGATGTCACCTAAATCAA	pool_2
MN908947.3	NC_045512.2	25003	25347	nCoV-2019_83	24978	25003	nCoV-2019_83_LEFT	25347	25369	nCoV-2019_83_RIGHT	TCCTTTGCAACCTGAATTAGACTCA	TTTGACTCCTTTGAGCACTGGC	pool_1
MN908947.3	NC_045512.2	25301	25646	nCoV-2019_84	25279	25301	nCoV-2019_84_LEFT	25646	25673	nCoV-2019_84_RIGHT	TGCTGTAGTTGTCTCAAGGGCT	AGGTGTGAGTAAACTGTTACAAACAAC	pool_2
MN908947.3	NC_045512.2	25623	25969	nCoV-2019_85	25601	25623	nCoV-2019_85_LEFT	25969	25994	nCoV-2019_85_RIGHT	ACTAGCACTCTCCAAGGGTGTT	ACACAGTCTTTTACTCCAGATTCCC	pool_1
MN908947.3	NC_045512.2	25924	26290	nCoV-2019_86	25902	25924	nCoV-2019_86_LEFT	26290	26315	nCoV-2019_86_RIGHT	TCAGGTGATGGCACAACAAGTC	ACGAAAGCAAGAAAAAGAAGTACGC	pool_2
MN908947.3	NC_045512.2	26219	26566	nCoV-2019_87	26197	26219	nCoV-2019_87_LEFT	26566	26590	nCoV-2019_87_RIGHT	CGACTACTAGCGTGCCTTTGTA	ACTAGGTTCCATTGTTCAAGGAGC	pool_1
MN908947.3	NC_045512.2	26542	26890	nCoV-2019_88	26520	26542	nCoV-2019_88_LEFT	26890	26913	nCoV-2019_88_RIGHT	CCATGGCAGATTCCAACGGTAC	TGGTCAGAATAGTGCCATGGAGT	pool_2
MN908947.3	NC_045512.2	26854	27208	nCoV-2019_89	26832	26854	nCoV-2019_89_LEFTv2	27208	27233	nCoV-2019_89_RIGHTv2	CGCGTACGCGTTCCATGTGGTC	ATAGTAACCTGAAAGTCAACGAGAT	pool_1
MN908947.3	NC_045512.2	27164	27511	nCoV-2019_90	27141	27164	nCoV-2019_90_LEFT	27511	27533	nCoV-2019_90_RIGHT	ACACAGACCATTCCAGTAGCAGT	TGAAATGGTGAATTGCCCTCGT	pool_2
MN908947.3	NC_045512.2	27471	27825	nCoV-2019_91	27446	27471	nCoV-2019_91_LEFT	27825	27854	nCoV-2019_91_RIGHT	TCACTACCAAGAGTGTGTTAGAGGT	TTCAAGTGAGAACCAAAAGATAATAAGCA	pool_1
MN908947.3	NC_045512.2	27808	28145	nCoV-2019_92	27784	27808	nCoV-2019_92_LEFT	28145	28172	nCoV-2019_92_RIGHT	TTTGTGCTTTTTAGCCTTTCTGCT	AGGTTCCTGGCAATTAATTGTAAAAGG	pool_2
MN908947.3	NC_045512.2	28104	28442	nCoV-2019_93	28081	28104	nCoV-2019_93_LEFT	28442	28464	nCoV-2019_93_RIGHT	TGAGGCTGGTTCTAAATCACCCA	AGGTCTTCCTTGCCATGTTGAG	pool_1
MN908947.3	NC_045512.2	28416	28756	nCoV-2019_94	28394	28416	nCoV-2019_94_LEFT	28756	28779	nCoV-2019_94_RIGHT	GGCCCCAAGGTTTACCCAATAA	TTTGGCAATGTTGTTCCTTGAGG	pool_2
MN908947.3	NC_045512.2	28699	29041	nCoV-2019_95	28677	28699	nCoV-2019_95_LEFT	29041	29063	nCoV-2019_95_RIGHT	TGAGGGAGCCTTGAATACACCA	CAGTACGTTTTTGCCGAGGCTT	pool_1
MN908947.3	NC_045512.2	29007	29356	nCoV-2019_96	28985	29007	nCoV-2019_96_LEFT	29356	29378	nCoV-2019_96_RIGHT	GCCAACAACAACAAGGCCAAAC	TAGGCTCTGTTGGTGGGAATGT	pool_2
MN908947.3	NC_045512.2	29316	29665	nCoV-2019_97	29288	29316	nCoV-2019_97_LEFT	29665	29693	nCoV-2019_97_RIGHT	TGGATGACAAAGATCCAAATTTCAAAGA	ACACACTGATTAAAGATTGCTATGTGAG	pool_1
MN908947.3	NC_045512.2	29510	29836	nCoV-2019_98	29486	29510	nCoV-2019_98_LEFT	29836	29866	nCoV-2019_98_RIGHT	AACAATTGCAACAATCCATGAGCA	TTCTCCTAAGAAGCTATTAAAATCACATGG	pool_2
NA	NA	416	30	nCoV-2019_1	NA	NA	NA	NA	NA	NA	NA	NA	NA
NA	NA	3210	2826	nCoV-2019_10	NA	NA	NA	NA	NA	NA	NA	NA	NA
NA	NA	3531	3144	nCoV-2019_11	NA	NA	NA	NA	NA	NA	NA	NA	NA
NA	NA	3853	3460	nCoV-2019_12	NA	NA	NA	NA	NA	NA	NA	NA	NA
NA	NA	4167	3771	nCoV-2019_13	NA	NA	NA	NA	NA	NA	NA	NA	NA
NA	NA	4450	4054	nCoV-2019_14	NA	NA	NA	NA	NA	NA	NA	NA	NA
NA	NA	4699	4294	nCoV-2019_15	NA	NA	NA	NA	NA	NA	NA	NA	NA
NA	NA	5017	4636	nCoV-2019_16	NA	NA	NA	NA	NA	NA	NA	NA	NA
NA	NA	5321	4939	nCoV-2019_17	NA	NA	NA	NA	NA	NA	NA	NA	NA
NA	NA	5644	5230	nCoV-2019_18	NA	NA	NA	NA	NA	NA	NA	NA	NA
NA	NA	5957	5563	nCoV-2019_19	NA	NA	NA	NA	NA	NA	NA	NA	NA
NA	NA	726	320	nCoV-2019_2	NA	NA	NA	NA	NA	NA	NA	NA	NA
NA	NA	6272	5867	nCoV-2019_20	NA	NA	NA	NA	NA	NA	NA	NA	NA
NA	NA	6550	6164	nCoV-2019_21	NA	NA	NA	NA	NA	NA	NA	NA	NA
NA	NA	6873	6466	nCoV-2019_22	NA	NA	NA	NA	NA	NA	NA	NA	NA
NA	NA	7117	6718	nCoV-2019_23	NA	NA	NA	NA	NA	NA	NA	NA	NA
NA	NA	7415	7035	nCoV-2019_24	NA	NA	NA	NA	NA	NA	NA	NA	NA
NA	NA	7694	7305	nCoV-2019_25	NA	NA	NA	NA	NA	NA	NA	NA	NA
NA	NA	8019	7626	nCoV-2019_26	NA	NA	NA	NA	NA	NA	NA	NA	NA
NA	NA	8341	7943	nCoV-2019_27	NA	NA	NA	NA	NA	NA	NA	NA	NA
NA	NA	8661	8249	nCoV-2019_28	NA	NA	NA	NA	NA	NA	NA	NA	NA
NA	NA	8983	8595	nCoV-2019_29	NA	NA	NA	NA	NA	NA	NA	NA	NA
NA	NA	1028	642	nCoV-2019_3	NA	NA	NA	NA	NA	NA	NA	NA	NA
NA	NA	9271	8888	nCoV-2019_30	NA	NA	NA	NA	NA	NA	NA	NA	NA
NA	NA	9585	9204	nCoV-2019_31	NA	NA	NA	NA	NA	NA	NA	NA	NA
NA	NA	9864	9477	nCoV-2019_32	NA	NA	NA	NA	NA	NA	NA	NA	NA
NA	NA	10171	9784	nCoV-2019_33	NA	NA	NA	NA	NA	NA	NA	NA	NA
NA	NA	10459	10076	nCoV-2019_34	NA	NA	NA	NA	NA	NA	NA	NA	NA
NA	NA	10763	10362	nCoV-2019_35	NA	NA	NA	NA	NA	NA	NA	NA	NA
NA	NA	11074	10651	nCoV-2019_36	NA	NA	NA	NA	NA	NA	NA	NA	NA
NA	NA	11394	10999	nCoV-2019_37	NA	NA	NA	NA	NA	NA	NA	NA	NA
NA	NA	11701	11306	nCoV-2019_38	NA	NA	NA	NA	NA	NA	NA	NA	NA
NA	NA	11949	11555	nCoV-2019_39	NA	NA	NA	NA	NA	NA	NA	NA	NA
NA	NA	1337	943	nCoV-2019_4	NA	NA	NA	NA	NA	NA	NA	NA	NA
NA	NA	12256	11863	nCoV-2019_40	NA	NA	NA	NA	NA	NA	NA	NA	NA
NA	NA	12490	12110	nCoV-2019_41	NA	NA	NA	NA	NA	NA	NA	NA	NA
NA	NA	12802	12417	nCoV-2019_42	NA	NA	NA	NA	NA	NA	NA	NA	NA
NA	NA	13096	12710	nCoV-2019_43	NA	NA	NA	NA	NA	NA	NA	NA	NA
NA	NA	13400	13005	nCoV-2019_44	NA	NA	NA	NA	NA	NA	NA	NA	NA
NA	NA	13699	13319	nCoV-2019_45	NA	NA	NA	NA	NA	NA	NA	NA	NA
NA	NA	13984	13599	nCoV-2019_46	NA	NA	NA	NA	NA	NA	NA	NA	NA
NA	NA	14299	13918	nCoV-2019_47	NA	NA	NA	NA	NA	NA	NA	NA	NA
NA	NA	14601	14207	nCoV-2019_48	NA	NA	NA	NA	NA	NA	NA	NA	NA
NA	NA	14926	14545	nCoV-2019_49	NA	NA	NA	NA	NA	NA	NA	NA	NA
NA	NA	1651	1242	nCoV-2019_5	NA	NA	NA	NA	NA	NA	NA	NA	NA
NA	NA	15246	14865	nCoV-2019_50	NA	NA	NA	NA	NA	NA	NA	NA	NA
NA	NA	15560	15171	nCoV-2019_51	NA	NA	NA	NA	NA	NA	NA	NA	NA
NA	NA	15886	15481	nCoV-2019_52	NA	NA	NA	NA	NA	NA	NA	NA	NA
NA	NA	16209	15827	nCoV-2019_53	NA	NA	NA	NA	NA	NA	NA	NA	NA
NA	NA	16510	16118	nCoV-2019_54	NA	NA	NA	NA	NA	NA	NA	NA	NA
NA	NA	16833	16416	nCoV-2019_55	NA	NA	NA	NA	NA	NA	NA	NA	NA
NA	NA	17152	16748	nCoV-2019_56	NA	NA	NA	NA	NA	NA	NA	NA	NA
NA	NA	17452	17065	nCoV-2019_57	NA	NA	NA	NA	NA	NA	NA	NA	NA
NA	NA	17761	17381	nCoV-2019_58	NA	NA	NA	NA	NA	NA	NA	NA	NA
NA	NA	18062	17674	nCoV-2019_59	NA	NA	NA	NA	NA	NA	NA	NA	NA
NA	NA	1964	1573	nCoV-2019_6	NA	NA	NA	NA	NA	NA	NA	NA	NA
NA	NA	18348	17966	nCoV-2019_60	NA	NA	NA	NA	NA	NA	NA	NA	NA
NA	NA	18672	18253	nCoV-2019_61	NA	NA	NA	NA	NA	NA	NA	NA	NA
NA	NA	18979	18596	nCoV-2019_62	NA	NA	NA	NA	NA	NA	NA	NA	NA
NA	NA	19297	18896	nCoV-2019_63	NA	NA	NA	NA	NA	NA	NA	NA	NA
NA	NA	19616	19204	nCoV-2019_64	NA	NA	NA	NA	NA	NA	NA	NA	NA
NA	NA	19939	19548	nCoV-2019_65	NA	NA	NA	NA	NA	NA	NA	NA	NA
NA	NA	20255	19844	nCoV-2019_66	NA	NA	NA	NA	NA	NA	NA	NA	NA
NA	NA	20572	20172	nCoV-2019_67	NA	NA	NA	NA	NA	NA	NA	NA	NA
NA	NA	20890	20472	nCoV-2019_68	NA	NA	NA	NA	NA	NA	NA	NA	NA
NA	NA	21169	20786	nCoV-2019_69	NA	NA	NA	NA	NA	NA	NA	NA	NA
NA	NA	2269	1875	nCoV-2019_7	NA	NA	NA	NA	NA	NA	NA	NA	NA
NA	NA	21455	21075	nCoV-2019_70	NA	NA	NA	NA	NA	NA	NA	NA	NA
NA	NA	21743	21357	nCoV-2019_71	NA	NA	NA	NA	NA	NA	NA	NA	NA
NA	NA	22038	21658	nCoV-2019_72	NA	NA	NA	NA	NA	NA	NA	NA	NA
NA	NA	22346	21961	nCoV-2019_73	NA	NA	NA	NA	NA	NA	NA	NA	NA
NA	NA	22650	22262	nCoV-2019_74	NA	NA	NA	NA	NA	NA	NA	NA	NA
NA	NA	22903	22516	nCoV-2019_75	NA	NA	NA	NA	NA	NA	NA	NA	NA
NA	NA	23265	22797	nCoV-2019_76	NA	NA	NA	NA	NA	NA	NA	NA	NA
NA	NA	23522	23122	nCoV-2019_77	NA	NA	NA	NA	NA	NA	NA	NA	NA
NA	NA	23847	23443	nCoV-2019_78	NA	NA	NA	NA	NA	NA	NA	NA	NA
NA	NA	24169	23789	nCoV-2019_79	NA	NA	NA	NA	NA	NA	NA	NA	NA
NA	NA	2592	2181	nCoV-2019_8	NA	NA	NA	NA	NA	NA	NA	NA	NA
NA	NA	24467	24078	nCoV-2019_80	NA	NA	NA	NA	NA	NA	NA	NA	NA
NA	NA	24789	24391	nCoV-2019_81	NA	NA	NA	NA	NA	NA	NA	NA	NA
NA	NA	25076	24696	nCoV-2019_82	NA	NA	NA	NA	NA	NA	NA	NA	NA
NA	NA	25369	24978	nCoV-2019_83	NA	NA	NA	NA	NA	NA	NA	NA	NA
NA	NA	25673	25279	nCoV-2019_84	NA	NA	NA	NA	NA	NA	NA	NA	NA
NA	NA	25994	25601	nCoV-2019_85	NA	NA	NA	NA	NA	NA	NA	NA	NA
NA	NA	26315	25902	nCoV-2019_86	NA	NA	NA	NA	NA	NA	NA	NA	NA
NA	NA	26590	26197	nCoV-2019_87	NA	NA	NA	NA	NA	NA	NA	NA	NA
NA	NA	26913	26520	nCoV-2019_88	NA	NA	NA	NA	NA	NA	NA	NA	NA
NA	NA	27233	26832	nCoV-2019_89	NA	NA	NA	NA	NA	NA	NA	NA	NA
NA	NA	2907	2505	nCoV-2019_9	NA	NA	NA	NA	NA	NA	NA	NA	NA
NA	NA	27533	27141	nCoV-2019_90	NA	NA	NA	NA	NA	NA	NA	NA	NA
NA	NA	27854	27446	nCoV-2019_91	NA	NA	NA	NA	NA	NA	NA	NA	NA
NA	NA	28172	27784	nCoV-2019_92	NA	NA	NA	NA	NA	NA	NA	NA	NA
NA	NA	28464	28081	nCoV-2019_93	NA	NA	NA	NA	NA	NA	NA	NA	NA
NA	NA	28779	28394	nCoV-2019_94	NA	NA	NA	NA	NA	NA	NA	NA	NA
NA	NA	29063	28677	nCoV-2019_95	NA	NA	NA	NA	NA	NA	NA	NA	NA
NA	NA	29378	28985	nCoV-2019_96	NA	NA	NA	NA	NA	NA	NA	NA	NA
NA	NA	29693	29288	nCoV-2019_97	NA	NA	NA	NA	NA	NA	NA	NA	NA
NA	NA	29866	29486	nCoV-2019_98	NA	NA	NA	NA	NA	NA	NA	NA	NA
